{
"1":[
    [
        0.0,
        1.0,
        0.0,
        0.0
    ],
    [
        0.0,
        0.0,
        1.0,
        0.0
    ],
    [
        1.0,
        0.0,
        0.0,
        -5.0
    ],
    [
        0.0,
        0.0,
        0.0,
        1.0
    ]
],
"2":[
    [
        -0.7071067811865475,
        0.7071067811865476,
        0.0,
        0.0
    ],
    [
        0.0,
        0.0,
        1.0,
        0.0
    ],
    [
        0.7071067811865476,
        0.7071067811865475,
        0.0,
        -5.0
    ],
    [
        0.0,
        0.0,
        0.0,
        1.0
    ]
],
"3":[
    [
        -1.0,
        6.123233995736766e-17,
        0.0,
        0.0
    ],
    [
        0.0,
        0.0,
        1.0,
        0.0
    ],
    [
        6.123233995736766e-17,
        1.0,
        0.0,
        -5.0
    ],
    [
        0.0,
        0.0,
        0.0,
        1.0
    ]
],
"4":[
    [
        -0.7071067811865476,
        -0.7071067811865475,
        0.0,
        0.0
    ],
    [
        0.0,
        0.0,
        1.0,
        0.0
    ],
    [
        -0.7071067811865475,
        0.7071067811865476,
        0.0,
        -5.0
    ],
    [
        0.0,
        0.0,
        0.0,
        1.0
    ]
],
"5":[
    [
        -1.2246467991473532e-16,
        -1.0,
        0.0,
        0.0
    ],
    [
        0.0,
        0.0,
        1.0,
        0.0
    ],
    [
        -1.0,
        1.2246467991473532e-16,
        0.0,
        -5.0
    ],
    [
        0.0,
        0.0,
        0.0,
        1.0
    ]
]
}