{"1":[
    [
        -1.0,
        0.0,
        0.0,
        0.0
    ],
    [
        0.0,
        0.7071067811865475,
        0.7071067811865475,
        0.0
    ],
    [
        0.0,
        0.7071067811865475,
        -0.7071067811865475,
        -4.999999999999999
    ],
    [
        0.0,
        0.0,
        0.0,
        1.0
    ]
],
"2":[
    [
        -1.0,
        0.0,
        0.0,
        0.0
    ],
    [
        0.0,
        0.0,
        1.0,
        0.0
    ],
    [
        0.0,
        1.0,
        0.0,
        -5.0
    ],
    [
        0.0,
        0.0,
        0.0,
        1.0
    ]
],
"3":[
    [
        0.0,
        1.0,
        0.0,
        0.0
    ],
    [
        0.0,
        0.0,
        1.0,
        0.0
    ],
    [
        1.0,
        0.0,
        0.0,
        -5.0
    ],
    [
        0.0,
        0.0,
        0.0,
        1.0
    ]
],
"4":[
    [
        0.0,
        -1.0,
        0.0,
        0.0
    ],
    [
        0.7071067811865475,
        0.0,
        0.7071067811865475,
        0.0
    ],
    [
        -0.7071067811865475,
        0.0,
        0.7071067811865475,
        -4.999999999999999
    ],
    [
        0.0,
        0.0,
        0.0,
        1.0
    ]
],
"5":[
    [
        1.0,
        0.0,
        0.0,
        0.0
    ],
    [
        0.0,
        0.0,
        1.0,
        0.0
    ],
    [
        0.0,
        -1.0,
        0.0,
        -5.0
    ],
    [
        0.0,
        0.0,
        0.0,
        1.0
    ]
],
"6":[
    [
        0.0,
        -1.0,
        0.0,
        0.0
    ],
    [
        0.0,
        0.0,
        1.0,
        0.0
    ],
    [
        -1.0,
        0.0,
        0.0,
        -5.0
    ],
    [
        0.0,
        0.0,
        0.0,
        1.0
    ]
]
}
